INSERT INTO user_profile (email_address, password, country, date_of_birth, given_name, surname)
VALUES 
    ('user1@example.com', 'pass123', 'USA', '1990-08-15', 'John', 'Doe'),
    ('user2@example.com', 'pass456', 'Canada', '1985-10-20', 'Alice', 'Smith'),
    ('user3@example.com', 'pass789', 'UK', '1995-03-08', 'Emma', 'Johnson'),
    ('user4@example.com', 'secret123', 'Germany', '1988-12-25', 'Michael', 'Brown'),
    ('user5@example.com', 'qwerty', 'France', '1992-06-30', 'Sophia', 'Wilson'),
    ('user6@example.com', 'letmein', 'Australia', '1987-09-12', 'Daniel', 'Taylor'),
    ('user7@example.com', 'password', 'Japan', '1998-04-18', 'Olivia', 'Martinez'),
    ('user8@example.com', 'hello123', 'Spain', '1993-11-05', 'James', 'Garcia'),
    ('user9@example.com', 'testing123', 'India', '1994-02-22', 'Lily', 'Lopez'),
    ('user10@example.com', 'abc123', 'Brazil', '1989-07-07', 'William', 'Harris'),
    ('user11@example.com', 'test123', 'Germany', '1991-09-10', 'Sophie', 'Miller'),
    ('user12@example.com', 'passpass', 'France', '1986-07-25', 'Lucas', 'Anderson'),
    ('user13@example.com', 'securepwd', 'Italy', '1997-02-28', 'Eva', 'Thompson'),
    ('user14@example.com', 'p@ssw0rd', 'Spain', '1994-11-15', 'Noah', 'Turner'),
    ('user15@example.com', 'pass321', 'USA', '1989-05-02', 'Ava', 'Campbell'),
    ('user16@example.com', 'test456', 'Brazil', '1990-12-20', 'Gabriel', 'Baker'),
    ('user17@example.com', 'passpass2', 'Canada', '1987-06-15', 'Mia', 'Scott'),
    ('user18@example.com', 'securedpwd', 'Germany', '1993-03-28', 'Liam', 'Young'),
    ('user19@example.com', 'pwd@321', 'Australia', '1985-11-05', 'Emily', 'King'),
    ('user20@example.com', 'password123', 'France', '1996-08-02', 'Logan', 'Wright'),
    ('user21@example.com', 'test789', 'Italy', '1992-04-10', 'Zoe', 'Adams'),
    ('user22@example.com', 'securepwd2', 'UK', '1988-10-25', 'Luke', 'Thomas'),
    ('user23@example.com', 'p@ssword', 'Spain', '1999-02-28', 'Aria', 'Evans'),
    ('user24@example.com', 'pass1234', 'Japan', '1994-05-15', 'Ethan', 'Clark'),
    ('user25@example.com', 'passwordpass', 'USA', '1989-12-20', 'Isabella', 'Lewis'),
    ('user26@example.com', 'testtest', 'Brazil', '1991-06-05', 'Mason', 'Roberts'),
    ('user27@example.com', 'testpass', 'Canada', '1997-03-28', 'Lily', 'Walker'),
    ('user28@example.com', 'passpasspass', 'Germany', '1990-09-10', 'Jack', 'Hall'),
    ('user29@example.com', 'securesecure', 'Australia', '1986-07-15', 'Grace', 'Green'),
    ('user30@example.com', 'pwdpwdpwd', 'France', '1995-04-28', 'Benjamin', 'Hill');

INSERT INTO friendship (profile_request, profile_accept)
VALUES 
    (1, 2),
    (3, 1),
    (2, 4),
    (5, 3),
    (4, 6),
    (6, 7),
    (8, 9),
    (10, 11),
    (12, 13),
    (14, 15),
    (16, 17),
    (18, 19),
    (20, 21),
    (22, 23),
    (24, 25),
    (26, 27),
    (28, 29),
    (30, 16),
    (17, 18),
    (19, 20),
    (21, 22),
    (23, 24),
    (25, 26),
    (27, 28),
    (29, 30);

INSERT INTO user_posts (profile_id, written_text, media_location)
VALUES 
    (1, 'Hello, this is my first post!', 'path/to/image1.jpg'),
    (2, 'Feeling great today!', NULL),
    (3, 'New adventure begins!', 'path/to/video1.mp4'),
    (4, 'Thoughts on the latest tech?', NULL),
    (5, 'Happy moments!', NULL),
    (6, 'Enjoying the day!', NULL),
    (7, 'New hobby discovered!', NULL),
    (8, 'Thoughts on current events?', NULL),
    (9, 'Life is an adventure!', 'path/to/image2.jpg'),
    (10, 'Learning new skills!', NULL),
    (16, 'Exploring new places!', NULL),
    (17, 'Random thoughts...', 'path/to/image3.jpg'),
    (18, 'What a day!', NULL),
    (19, 'Sharing a funny story!', NULL),
    (20, 'Work in progress!', NULL),
    (21, 'Looking for recommendations.', NULL),
    (22, 'Morning musings...', 'path/to/video2.mp4'),
    (23, 'New challenges ahead!', NULL),
    (24, 'Letting creativity flow...', NULL),
    (25, 'Lifestyle changes!', NULL),
    (26, 'Dreaming big!', NULL),
    (27, 'Happy moments captured!', 'path/to/image4.jpg'),
    (28, 'Reflecting on the past...', NULL),
    (29, 'Enjoying the journey!', NULL),
    (30, 'Stay positive!', NULL);

INSERT INTO post_like (post_id, profile_id)
VALUES 
    (1, 3),
    (2, 4),
    (3, 1),
    (4, 5),
    (5, 2),
    (6, 8),
    (7, 10),
    (8, 12),
    (9, 14),
    (10, 6),
    (16, 18),
    (17, 20),
    (18, 22),
    (19, 24),
    (20, 26),
    (21, 28),
    (22, 30),
    (23, 16),
    (24, 18),
    (25, 20),
    (26, 22),
    (27, 24),
    (28, 26),
    (29, 28),
    (30, 30);

INSERT INTO post_comment (post_id, profile_id, comment_text)
VALUES 
    (1, 2, 'Great first post!'),
    (2, 3, 'Keep it up!'),
    (3, 1, 'Awesome video!'),
    (4, 5, 'Interesting thoughts.'),
    (5, 4, 'Beautiful picture!'),
    (6, 9, 'Nice pic!'),
    (7, 8, 'Interesting!'),
    (8, 14, 'Thought-provoking.'),
    (9, 12, 'Amazing shot!'),
    (10, 7, 'Great progress!'),
    (16, 19, 'Great place!'),
    (17, 21, 'Nice image!'),
    (18, 23, 'Sounds fun!'),
    (19, 25, 'Hilarious!'),
    (20, 27, 'Looking good!'),
    (21, 29, 'Interesting thoughts.'),
    (22, 16, 'Cool video!'),
    (23, 18, 'Amazing shot!'),
    (24, 20, 'Thought-provoking.'),
    (25, 22, 'Beautiful picture!'),
    (26, 24, 'Great progress!'),
    (27, 26, 'Inspiring!'),
    (28, 28, 'Positive vibes.'),
    (29, 30, 'Keep it up!'),
    (30, 16, 'Beautifully said!');
    
UPDATE friendship
SET status = CASE 
    WHEN RANDOM() < 0.5 THEN 'Pending'
    WHEN RANDOM() < 0.75 THEN 'Accepted'
    ELSE 'Ignore'
END;